id,cpp_file,cpp_line,rust_file,signal_expression
emColorField-245,src/emCore/emColorField.cpp,245,crates/emcore/src/emColorField.rs,sf->GetValueSignal()
emColorField-255,src/emCore/emColorField.cpp,255,crates/emcore/src/emColorField.rs,sf->GetValueSignal()
emColorField-265,src/emCore/emColorField.cpp,265,crates/emcore/src/emColorField.rs,sf->GetValueSignal()
emColorField-277,src/emCore/emColorField.cpp,277,crates/emcore/src/emColorField.rs,sf->GetValueSignal()
emColorField-288,src/emCore/emColorField.cpp,288,crates/emcore/src/emColorField.rs,sf->GetValueSignal()
emColorField-298,src/emCore/emColorField.cpp,298,crates/emcore/src/emColorField.rs,sf->GetValueSignal()
emColorField-308,src/emCore/emColorField.cpp,308,crates/emcore/src/emColorField.rs,sf->GetValueSignal()
emColorField-320,src/emCore/emColorField.cpp,320,crates/emcore/src/emColorField.rs,tf->GetTextSignal()
emConfigModel-61,src/emCore/emConfigModel.cpp,61,crates/emcore/src/emConfigModel.rs,AutoSaveTimer.GetSignal()
emCoreConfigPanel-80,src/emCore/emCoreConfigPanel.cpp,80,crates/emcore/src/emCoreConfigPanel.rs,ResetButton->GetClickSignal()
emCoreConfigPanel-299,src/emCore/emCoreConfigPanel.cpp,299,crates/emcore/src/emCoreConfigPanel.rs,StickBox->GetCheckSignal()
emCoreConfigPanel-300,src/emCore/emCoreConfigPanel.cpp,300,crates/emcore/src/emCoreConfigPanel.rs,EmuBox->GetCheckSignal()
emCoreConfigPanel-301,src/emCore/emCoreConfigPanel.cpp,301,crates/emcore/src/emCoreConfigPanel.rs,PanBox->GetCheckSignal()
emCoreConfigPanel-563,src/emCore/emCoreConfigPanel.cpp,563,crates/emcore/src/emCoreConfigPanel.rs,MemField->GetValueSignal()
emCoreConfigPanel-746,src/emCore/emCoreConfigPanel.cpp,746,crates/emcore/src/emCoreConfigPanel.rs,MaxRenderThreadsField->GetValueSignal()
emCoreConfigPanel-755,src/emCore/emCoreConfigPanel.cpp,755,crates/emcore/src/emCoreConfigPanel.rs,AllowSIMDBox->GetCheckSignal()
emCoreConfigPanel-773,src/emCore/emCoreConfigPanel.cpp,773,crates/emcore/src/emCoreConfigPanel.rs,DownscaleQualityField->GetValueSignal()
emCoreConfigPanel-791,src/emCore/emCoreConfigPanel.cpp,791,crates/emcore/src/emCoreConfigPanel.rs,UpscaleQualityField->GetValueSignal()
emDialog-38,src/emCore/emDialog.cpp,38,crates/emcore/src/emDialog.rs,GetCloseSignal()
emFileDialog-42,src/emCore/emFileDialog.cpp,42,crates/emcore/src/emFileDialog.rs,Fsb->GetFileTriggerSignal()
emFileDialog-196,src/emCore/emFileDialog.cpp,196,crates/emcore/src/emFileDialog.rs,OverwriteDialog->GetFinishSignal()
emFileModel-103,src/emCore/emFileModel.cpp,103,crates/emcore/src/emFileModel.rs,UpdateSignalModel->Sig
emFilePanel-50,src/emCore/emFilePanel.cpp,50,crates/emcore/src/emFilePanel.rs,fileModel->GetFileStateSignal()
emFileSelectionBox-64,src/emCore/emFileSelectionBox.cpp,64,crates/emcore/src/emFileSelectionBox.rs,FileModelsUpdateSignalModel->Sig
emFileSelectionBox-514,src/emCore/emFileSelectionBox.cpp,514,crates/emcore/src/emFileSelectionBox.rs,ParentDirField->GetTextSignal()
emFileSelectionBox-521,src/emCore/emFileSelectionBox.cpp,521,crates/emcore/src/emFileSelectionBox.rs,HiddenCheckBox->GetCheckSignal()
emFileSelectionBox-531,src/emCore/emFileSelectionBox.cpp,531,crates/emcore/src/emFileSelectionBox.rs,FilesLB->GetSelectionSignal()
emFileSelectionBox-532,src/emCore/emFileSelectionBox.cpp,532,crates/emcore/src/emFileSelectionBox.rs,FilesLB->GetItemTriggerSignal()
emFileSelectionBox-540,src/emCore/emFileSelectionBox.cpp,540,crates/emcore/src/emFileSelectionBox.rs,NameField->GetTextSignal()
emFileSelectionBox-550,src/emCore/emFileSelectionBox.cpp,550,crates/emcore/src/emFileSelectionBox.rs,FiltersLB->GetSelectionSignal()
emImageFile-117,src/emCore/emImageFile.cpp,117,crates/emcore/src/emImageFile.rs,GetVirFileStateSignal()
emImageFile-139,src/emCore/emImageFile.cpp,139,crates/emcore/src/emImageFile.rs,((const emImageFileModel*)GetFileModel())->GetChangeSignal()
emMiniIpc-807,src/emCore/emMiniIpc.cpp,807,crates/emcore/src/emMiniIpc.rs,Timer.GetSignal()
emWindowStateSaver-39,src/emCore/emWindowStateSaver.cpp,39,crates/emcore/src/emWindowStateSaver.rs,Window.GetWindowFlagsSignal()
emWindowStateSaver-40,src/emCore/emWindowStateSaver.cpp,40,crates/emcore/src/emWindowStateSaver.rs,Window.GetGeometrySignal()
emWindowStateSaver-41,src/emCore/emWindowStateSaver.cpp,41,crates/emcore/src/emWindowStateSaver.rs,Window.GetFocusSignal()
emDirEntryAltPanel-35,src/emFileMan/emDirEntryAltPanel.cpp,35,crates/emfileman/src/emDirEntryAltPanel.rs,FileMan->GetSelectionSignal()
emDirEntryAltPanel-36,src/emFileMan/emDirEntryAltPanel.cpp,36,crates/emfileman/src/emDirEntryAltPanel.rs,Config->GetChangeSignal()
emDirEntryPanel-55,src/emFileMan/emDirEntryPanel.cpp,55,crates/emfileman/src/emDirEntryPanel.rs,FileMan->GetSelectionSignal()
emDirEntryPanel-56,src/emFileMan/emDirEntryPanel.cpp,56,crates/emfileman/src/emDirEntryPanel.rs,Config->GetChangeSignal()
emDirPanel-37,src/emFileMan/emDirPanel.cpp,37,crates/emfileman/src/emDirPanel.rs,GetVirFileStateSignal()
emDirPanel-38,src/emFileMan/emDirPanel.cpp,38,crates/emfileman/src/emDirPanel.rs,Config->GetChangeSignal()
emDirPanel-432,src/emFileMan/emDirPanel.cpp,432,crates/emfileman/src/emDirPanel.rs,KeyWalkState->Timer.GetSignal()
emDirStatPanel-30,src/emFileMan/emDirStatPanel.cpp,30,crates/emfileman/src/emDirStatPanel.rs,GetVirFileStateSignal()
emDirStatPanel-39,src/emFileMan/emDirStatPanel.cpp,39,crates/emfileman/src/emDirStatPanel.rs,Config->GetChangeSignal()
emFileLinkPanel-53,src/emFileMan/emFileLinkPanel.cpp,53,crates/emfileman/src/emFileLinkPanel.rs,UpdateSignalModel->Sig
emFileLinkPanel-54,src/emFileMan/emFileLinkPanel.cpp,54,crates/emfileman/src/emFileLinkPanel.rs,GetVirFileStateSignal()
emFileLinkPanel-55,src/emFileMan/emFileLinkPanel.cpp,55,crates/emfileman/src/emFileLinkPanel.rs,Config->GetChangeSignal()
emFileLinkPanel-56,src/emFileMan/emFileLinkPanel.cpp,56,crates/emfileman/src/emFileLinkPanel.rs,Model->GetChangeSignal()
emFileLinkPanel-72,src/emFileMan/emFileLinkPanel.cpp,72,crates/emfileman/src/emFileLinkPanel.rs,Model->GetChangeSignal()
emFileManControlPanel-326,src/emFileMan/emFileManControlPanel.cpp,326,crates/emfileman/src/emFileManControlPanel.rs,FMModel->GetSelectionSignal()
emFileManControlPanel-327,src/emFileMan/emFileManControlPanel.cpp,327,crates/emfileman/src/emFileManControlPanel.rs,FMVConfig->GetChangeSignal()
emFileManControlPanel-328,src/emFileMan/emFileManControlPanel.cpp,328,crates/emfileman/src/emFileManControlPanel.rs,RbmAspect.GetCheckSignal()
emFileManControlPanel-329,src/emFileMan/emFileManControlPanel.cpp,329,crates/emfileman/src/emFileManControlPanel.rs,RbmTheme.GetCheckSignal()
emFileManControlPanel-330,src/emFileMan/emFileManControlPanel.cpp,330,crates/emfileman/src/emFileManControlPanel.rs,RbSortByName->GetClickSignal()
emFileManControlPanel-331,src/emFileMan/emFileManControlPanel.cpp,331,crates/emfileman/src/emFileManControlPanel.rs,RbSortByDate->GetClickSignal()
emFileManControlPanel-332,src/emFileMan/emFileManControlPanel.cpp,332,crates/emfileman/src/emFileManControlPanel.rs,RbSortBySize->GetClickSignal()
emFileManControlPanel-333,src/emFileMan/emFileManControlPanel.cpp,333,crates/emfileman/src/emFileManControlPanel.rs,RbSortByEnding->GetClickSignal()
emFileManControlPanel-334,src/emFileMan/emFileManControlPanel.cpp,334,crates/emfileman/src/emFileManControlPanel.rs,RbSortByClass->GetClickSignal()
emFileManControlPanel-335,src/emFileMan/emFileManControlPanel.cpp,335,crates/emfileman/src/emFileManControlPanel.rs,RbSortByVersion->GetClickSignal()
emFileManControlPanel-336,src/emFileMan/emFileManControlPanel.cpp,336,crates/emfileman/src/emFileManControlPanel.rs,CbSortDirectoriesFirst->GetCheckSignal()
emFileManControlPanel-337,src/emFileMan/emFileManControlPanel.cpp,337,crates/emfileman/src/emFileManControlPanel.rs,CbShowHiddenFiles->GetCheckSignal()
emFileManControlPanel-338,src/emFileMan/emFileManControlPanel.cpp,338,crates/emfileman/src/emFileManControlPanel.rs,RbPerLocale->GetClickSignal()
emFileManControlPanel-339,src/emFileMan/emFileManControlPanel.cpp,339,crates/emfileman/src/emFileManControlPanel.rs,RbCaseSensitive->GetClickSignal()
emFileManControlPanel-340,src/emFileMan/emFileManControlPanel.cpp,340,crates/emfileman/src/emFileManControlPanel.rs,RbCaseInsensitive->GetClickSignal()
emFileManControlPanel-341,src/emFileMan/emFileManControlPanel.cpp,341,crates/emfileman/src/emFileManControlPanel.rs,CbAutosave->GetCheckSignal()
emFileManControlPanel-342,src/emFileMan/emFileManControlPanel.cpp,342,crates/emfileman/src/emFileManControlPanel.rs,BtSaveAsDefault->GetClickSignal()
emFileManControlPanel-343,src/emFileMan/emFileManControlPanel.cpp,343,crates/emfileman/src/emFileManControlPanel.rs,BtSelectAll->GetClickSignal()
emFileManControlPanel-344,src/emFileMan/emFileManControlPanel.cpp,344,crates/emfileman/src/emFileManControlPanel.rs,BtClearSelection->GetClickSignal()
emFileManControlPanel-345,src/emFileMan/emFileManControlPanel.cpp,345,crates/emfileman/src/emFileManControlPanel.rs,BtSwapSelection->GetClickSignal()
emFileManControlPanel-346,src/emFileMan/emFileManControlPanel.cpp,346,crates/emfileman/src/emFileManControlPanel.rs,BtPaths2Clipboard->GetClickSignal()
emFileManControlPanel-347,src/emFileMan/emFileManControlPanel.cpp,347,crates/emfileman/src/emFileManControlPanel.rs,BtNames2Clipboard->GetClickSignal()
emFileManControlPanel-522,src/emFileMan/emFileManControlPanel.cpp,522,crates/emfileman/src/emFileManControlPanel.rs,FMModel->GetCommandsSignal()
emFileManModel-454,src/emFileMan/emFileManModel.cpp,454,crates/emfileman/src/emFileManModel.rs,FileUpdateSignalModel->Sig
emFileManSelInfoPanel-37,src/emFileMan/emFileManSelInfoPanel.cpp,37,crates/emfileman/src/emFileManSelInfoPanel.rs,FileMan->GetSelectionSignal()
emFileManViewConfig-281,src/emFileMan/emFileManViewConfig.cpp,281,crates/emfileman/src/emFileManViewConfig.rs,FileManConfig->GetChangeSignal()
emAutoplay-1171,src/emMain/emAutoplay.cpp,1171,crates/emmain/src/emAutoplay.rs,Model->GetChangeSignal()
emAutoplay-1172,src/emMain/emAutoplay.cpp,1172,crates/emmain/src/emAutoplay.rs,Model->GetProgressSignal()
emAutoplay-1255,src/emMain/emAutoplay.cpp,1255,crates/emmain/src/emAutoplay.rs,BtAutoplay->GetCheckSignal()
emAutoplay-1270,src/emMain/emAutoplay.cpp,1270,crates/emmain/src/emAutoplay.rs,BtPrev->GetClickSignal()
emAutoplay-1282,src/emMain/emAutoplay.cpp,1282,crates/emmain/src/emAutoplay.rs,BtNext->GetClickSignal()
emAutoplay-1294,src/emMain/emAutoplay.cpp,1294,crates/emmain/src/emAutoplay.rs,BtContinueLast->GetClickSignal()
emAutoplay-1314,src/emMain/emAutoplay.cpp,1314,crates/emmain/src/emAutoplay.rs,SfDuration->GetValueSignal()
emAutoplay-1321,src/emMain/emAutoplay.cpp,1321,crates/emmain/src/emAutoplay.rs,CbRecursive->GetCheckSignal()
emAutoplay-1329,src/emMain/emAutoplay.cpp,1329,crates/emmain/src/emAutoplay.rs,CbLoop->GetCheckSignal()
emBookmarks-1033,src/emMain/emBookmarks.cpp,1033,crates/emmain/src/emBookmarks.rs,BtNewBookmarkBefore->GetClickSignal()
emBookmarks-1041,src/emMain/emBookmarks.cpp,1041,crates/emmain/src/emBookmarks.rs,BtNewGroupBefore->GetClickSignal()
emBookmarks-1049,src/emMain/emBookmarks.cpp,1049,crates/emmain/src/emBookmarks.rs,BtPasteBefore->GetClickSignal()
emBookmarks-1071,src/emMain/emBookmarks.cpp,1071,crates/emmain/src/emBookmarks.rs,BtCut->GetClickSignal()
emBookmarks-1082,src/emMain/emBookmarks.cpp,1082,crates/emmain/src/emBookmarks.rs,BtCopy->GetClickSignal()
emBookmarks-1094,src/emMain/emBookmarks.cpp,1094,crates/emmain/src/emBookmarks.rs,TfName->GetTextSignal()
emBookmarks-1106,src/emMain/emBookmarks.cpp,1106,crates/emmain/src/emBookmarks.rs,TfDescription->GetTextSignal()
emBookmarks-1123,src/emMain/emBookmarks.cpp,1123,crates/emmain/src/emBookmarks.rs,FlbIcon->GetSelectionSignal()
emBookmarks-1124,src/emMain/emBookmarks.cpp,1124,crates/emmain/src/emBookmarks.rs,FlbIcon->GetFileTriggerSignal()
emBookmarks-1135,src/emMain/emBookmarks.cpp,1135,crates/emmain/src/emBookmarks.rs,CfBgColor->GetColorSignal()
emBookmarks-1146,src/emMain/emBookmarks.cpp,1146,crates/emmain/src/emBookmarks.rs,CfFgColor->GetColorSignal()
emBookmarks-1159,src/emMain/emBookmarks.cpp,1159,crates/emmain/src/emBookmarks.rs,BtPasteColors->GetClickSignal()
emBookmarks-1175,src/emMain/emBookmarks.cpp,1175,crates/emmain/src/emBookmarks.rs,BtSetLocation->GetClickSignal()
emBookmarks-1185,src/emMain/emBookmarks.cpp,1185,crates/emmain/src/emBookmarks.rs,TfHotkey->GetTextSignal()
emBookmarks-1194,src/emMain/emBookmarks.cpp,1194,crates/emmain/src/emBookmarks.rs,RbVisitAtProgramStart->GetClickSignal()
emBookmarks-1212,src/emMain/emBookmarks.cpp,1212,crates/emmain/src/emBookmarks.rs,BtNewBookmarkAfter->GetClickSignal()
emBookmarks-1220,src/emMain/emBookmarks.cpp,1220,crates/emmain/src/emBookmarks.rs,BtNewGroupAfter->GetClickSignal()
emBookmarks-1228,src/emMain/emBookmarks.cpp,1228,crates/emmain/src/emBookmarks.rs,BtPasteAfter->GetClickSignal()
emBookmarks-1431,src/emMain/emBookmarks.cpp,1431,crates/emmain/src/emBookmarks.rs,BtNewBookmark->GetClickSignal()
emBookmarks-1439,src/emMain/emBookmarks.cpp,1439,crates/emmain/src/emBookmarks.rs,BtNewGroup->GetClickSignal()
emBookmarks-1447,src/emMain/emBookmarks.cpp,1447,crates/emmain/src/emBookmarks.rs,BtPaste->GetClickSignal()
emBookmarks-1479,src/emMain/emBookmarks.cpp,1479,crates/emmain/src/emBookmarks.rs,GetClickSignal()
emMainControlPanel-217,src/emMain/emMainControlPanel.cpp,217,crates/emmain/src/emMainControlPanel.rs,ContentView.GetControlPanelSignal()
emMainControlPanel-218,src/emMain/emMainControlPanel.cpp,218,crates/emmain/src/emMainControlPanel.rs,MainWin.GetWindowFlagsSignal()
emMainControlPanel-219,src/emMain/emMainControlPanel.cpp,219,crates/emmain/src/emMainControlPanel.rs,MainConfig->GetChangeSignal()
emMainControlPanel-220,src/emMain/emMainControlPanel.cpp,220,crates/emmain/src/emMainControlPanel.rs,BtNewWindow->GetClickSignal()
emMainControlPanel-221,src/emMain/emMainControlPanel.cpp,221,crates/emmain/src/emMainControlPanel.rs,BtFullscreen->GetClickSignal()
emMainControlPanel-222,src/emMain/emMainControlPanel.cpp,222,crates/emmain/src/emMainControlPanel.rs,BtAutoHideControlView->GetClickSignal()
emMainControlPanel-223,src/emMain/emMainControlPanel.cpp,223,crates/emmain/src/emMainControlPanel.rs,BtAutoHideSlider->GetClickSignal()
emMainControlPanel-224,src/emMain/emMainControlPanel.cpp,224,crates/emmain/src/emMainControlPanel.rs,BtReload->GetClickSignal()
emMainControlPanel-225,src/emMain/emMainControlPanel.cpp,225,crates/emmain/src/emMainControlPanel.rs,BtClose->GetClickSignal()
emMainControlPanel-226,src/emMain/emMainControlPanel.cpp,226,crates/emmain/src/emMainControlPanel.rs,BtQuit->GetClickSignal()
emMainPanel-67,src/emMain/emMainPanel.cpp,67,crates/emmain/src/emMainPanel.rs,GetControlView().GetEOISignal()
emMainPanel-68,src/emMain/emMainPanel.cpp,68,crates/emmain/src/emMainPanel.rs,SliderTimer.GetSignal()
emMainPanel-69,src/emMain/emMainPanel.cpp,69,crates/emmain/src/emMainPanel.rs,GetWindow()->GetWindowFlagsSignal()
emMainWindow-72,src/emMain/emMainWindow.cpp,72,crates/emmain/src/emMainWindow.rs,GetCloseSignal()
emMainWindow-378,src/emMain/emMainWindow.cpp,378,crates/emmain/src/emMainWindow.rs,MainWin.MainPanel->GetContentView().GetTitleSignal()
emVirtualCosmos-104,src/emMain/emVirtualCosmos.cpp,104,crates/emmain/src/emVirtualCosmos.rs,FileUpdateSignalModel->Sig
emVirtualCosmos-575,src/emMain/emVirtualCosmos.cpp,575,crates/emmain/src/emVirtualCosmos.rs,Model->GetChangeSignal()
emStocksControlPanel-74,src/emStocks/emStocksControlPanel.cpp,74,crates/emstocks/src/emStocksControlPanel.rs,FileModel->GetChangeSignal()
emStocksControlPanel-75,src/emStocks/emStocksControlPanel.cpp,75,crates/emstocks/src/emStocksControlPanel.rs,Config->GetChangeSignal()
emStocksControlPanel-76,src/emStocks/emStocksControlPanel.cpp,76,crates/emstocks/src/emStocksControlPanel.rs,ListBox->GetSelectionSignal()
emStocksControlPanel-77,src/emStocks/emStocksControlPanel.cpp,77,crates/emstocks/src/emStocksControlPanel.rs,ListBox->GetSelectedDateSignal()
emStocksControlPanel-413,src/emStocks/emStocksControlPanel.cpp,413,crates/emstocks/src/emStocksControlPanel.rs,ApiKey->GetTextSignal()
emStocksControlPanel-427,src/emStocks/emStocksControlPanel.cpp,427,crates/emstocks/src/emStocksControlPanel.rs,AutoUpdateDates->GetCheckSignal()
emStocksControlPanel-435,src/emStocks/emStocksControlPanel.cpp,435,crates/emstocks/src/emStocksControlPanel.rs,TriggeringOpensWebPage->GetCheckSignal()
emStocksControlPanel-448,src/emStocks/emStocksControlPanel.cpp,448,crates/emstocks/src/emStocksControlPanel.rs,ChartPeriod->GetValueSignal()
emStocksControlPanel-466,src/emStocks/emStocksControlPanel.cpp,466,crates/emstocks/src/emStocksControlPanel.rs,MinVisibleInterest->GetCheckSignal()
emStocksControlPanel-557,src/emStocks/emStocksControlPanel.cpp,557,crates/emstocks/src/emStocksControlPanel.rs,Sorting->GetCheckSignal()
emStocksControlPanel-566,src/emStocks/emStocksControlPanel.cpp,566,crates/emstocks/src/emStocksControlPanel.rs,OwnedSharesFirst->GetClickSignal()
emStocksControlPanel-586,src/emStocks/emStocksControlPanel.cpp,586,crates/emstocks/src/emStocksControlPanel.rs,FetchSharePrices->GetClickSignal()
emStocksControlPanel-600,src/emStocks/emStocksControlPanel.cpp,600,crates/emstocks/src/emStocksControlPanel.rs,DeleteSharePrices->GetClickSignal()
emStocksControlPanel-609,src/emStocks/emStocksControlPanel.cpp,609,crates/emstocks/src/emStocksControlPanel.rs,GoBackInHistory->GetClickSignal()
emStocksControlPanel-618,src/emStocks/emStocksControlPanel.cpp,618,crates/emstocks/src/emStocksControlPanel.rs,GoForwardInHistory->GetClickSignal()
emStocksControlPanel-626,src/emStocks/emStocksControlPanel.cpp,626,crates/emstocks/src/emStocksControlPanel.rs,SelectedDate->GetTextSignal()
emStocksControlPanel-650,src/emStocks/emStocksControlPanel.cpp,650,crates/emstocks/src/emStocksControlPanel.rs,NewStock->GetClickSignal()
emStocksControlPanel-658,src/emStocks/emStocksControlPanel.cpp,658,crates/emstocks/src/emStocksControlPanel.rs,CutStocks->GetClickSignal()
emStocksControlPanel-666,src/emStocks/emStocksControlPanel.cpp,666,crates/emstocks/src/emStocksControlPanel.rs,CopyStocks->GetClickSignal()
emStocksControlPanel-674,src/emStocks/emStocksControlPanel.cpp,674,crates/emstocks/src/emStocksControlPanel.rs,PasteStocks->GetClickSignal()
emStocksControlPanel-682,src/emStocks/emStocksControlPanel.cpp,682,crates/emstocks/src/emStocksControlPanel.rs,DeleteStocks->GetClickSignal()
emStocksControlPanel-690,src/emStocks/emStocksControlPanel.cpp,690,crates/emstocks/src/emStocksControlPanel.rs,SelectAll->GetClickSignal()
emStocksControlPanel-698,src/emStocks/emStocksControlPanel.cpp,698,crates/emstocks/src/emStocksControlPanel.rs,ClearSelection->GetClickSignal()
emStocksControlPanel-706,src/emStocks/emStocksControlPanel.cpp,706,crates/emstocks/src/emStocksControlPanel.rs,SetHighInterest->GetClickSignal()
emStocksControlPanel-714,src/emStocks/emStocksControlPanel.cpp,714,crates/emstocks/src/emStocksControlPanel.rs,SetMediumInterest->GetClickSignal()
emStocksControlPanel-722,src/emStocks/emStocksControlPanel.cpp,722,crates/emstocks/src/emStocksControlPanel.rs,SetLowInterest->GetClickSignal()
emStocksControlPanel-730,src/emStocks/emStocksControlPanel.cpp,730,crates/emstocks/src/emStocksControlPanel.rs,ShowFirstWebPages->GetClickSignal()
emStocksControlPanel-738,src/emStocks/emStocksControlPanel.cpp,738,crates/emstocks/src/emStocksControlPanel.rs,ShowAllWebPages->GetClickSignal()
emStocksControlPanel-749,src/emStocks/emStocksControlPanel.cpp,749,crates/emstocks/src/emStocksControlPanel.rs,FindSelected->GetClickSignal()
emStocksControlPanel-756,src/emStocks/emStocksControlPanel.cpp,756,crates/emstocks/src/emStocksControlPanel.rs,SearchText->GetTextSignal()
emStocksControlPanel-764,src/emStocks/emStocksControlPanel.cpp,764,crates/emstocks/src/emStocksControlPanel.rs,FindNext->GetClickSignal()
emStocksControlPanel-772,src/emStocks/emStocksControlPanel.cpp,772,crates/emstocks/src/emStocksControlPanel.rs,FindPrevious->GetClickSignal()
emStocksControlPanel-1014,src/emStocks/emStocksControlPanel.cpp,1014,crates/emstocks/src/emStocksControlPanel.rs,ControlPanel.Config->GetChangeSignal()
emStocksControlPanel-1064,src/emStocks/emStocksControlPanel.cpp,1064,crates/emstocks/src/emStocksControlPanel.rs,TextField->GetTextSignal()
emStocksControlPanel-1072,src/emStocks/emStocksControlPanel.cpp,1072,crates/emstocks/src/emStocksControlPanel.rs,FileSelectionBox->GetSelectionSignal()
emStocksControlPanel-1143,src/emStocks/emStocksControlPanel.cpp,1143,crates/emstocks/src/emStocksControlPanel.rs,GetSelectionSignal()
emStocksControlPanel-1144,src/emStocks/emStocksControlPanel.cpp,1144,crates/emstocks/src/emStocksControlPanel.rs,ControlPanel.FileModel->GetChangeSignal()
emStocksFetchPricesDialog-62,src/emStocks/emStocksFetchPricesDialog.cpp,62,crates/emstocks/src/emStocksFetchPricesDialog.rs,Fetcher.GetChangeSignal()
emStocksFileModel-41,src/emStocks/emStocksFileModel.cpp,41,crates/emstocks/src/emStocksFileModel.rs,SaveTimer.GetSignal()
emStocksFilePanel-34,src/emStocks/emStocksFilePanel.cpp,34,crates/emstocks/src/emStocksFilePanel.rs,GetVirFileStateSignal()
emStocksFilePanel-255,src/emStocks/emStocksFilePanel.cpp,255,crates/emstocks/src/emStocksFilePanel.rs,ListBox->GetSelectedDateSignal()
emStocksItemChart-64,src/emStocks/emStocksItemChart.cpp,64,crates/emstocks/src/emStocksItemChart.rs,Config.GetChangeSignal()
emStocksItemChart-65,src/emStocks/emStocksItemChart.cpp,65,crates/emstocks/src/emStocksItemChart.rs,ListBox.GetSelectedDateSignal()
emStocksItemPanel-74,src/emStocks/emStocksItemPanel.cpp,74,crates/emstocks/src/emStocksItemPanel.rs,Config.GetChangeSignal()
emStocksItemPanel-75,src/emStocks/emStocksItemPanel.cpp,75,crates/emstocks/src/emStocksItemPanel.rs,ListBox.GetSelectedDateSignal()
emStocksItemPanel-342,src/emStocks/emStocksItemPanel.cpp,342,crates/emstocks/src/emStocksItemPanel.rs,Name->GetTextSignal()
emStocksItemPanel-357,src/emStocks/emStocksItemPanel.cpp,357,crates/emstocks/src/emStocksItemPanel.rs,Symbol->GetTextSignal()
emStocksItemPanel-364,src/emStocks/emStocksItemPanel.cpp,364,crates/emstocks/src/emStocksItemPanel.rs,WKN->GetTextSignal()
emStocksItemPanel-371,src/emStocks/emStocksItemPanel.cpp,371,crates/emstocks/src/emStocksItemPanel.rs,ISIN->GetTextSignal()
emStocksItemPanel-395,src/emStocks/emStocksItemPanel.cpp,395,crates/emstocks/src/emStocksItemPanel.rs,Comment->GetTextSignal()
emStocksItemPanel-408,src/emStocks/emStocksItemPanel.cpp,408,crates/emstocks/src/emStocksItemPanel.rs,WebPage[i]->GetTextSignal()
emStocksItemPanel-415,src/emStocks/emStocksItemPanel.cpp,415,crates/emstocks/src/emStocksItemPanel.rs,ShowWebPage[i]->GetClickSignal()
emStocksItemPanel-421,src/emStocks/emStocksItemPanel.cpp,421,crates/emstocks/src/emStocksItemPanel.rs,ShowAllWebPages->GetClickSignal()
emStocksItemPanel-432,src/emStocks/emStocksItemPanel.cpp,432,crates/emstocks/src/emStocksItemPanel.rs,OwningShares->GetCheckSignal()
emStocksItemPanel-441,src/emStocks/emStocksItemPanel.cpp,441,crates/emstocks/src/emStocksItemPanel.rs,OwnShares->GetTextSignal()
emStocksItemPanel-446,src/emStocks/emStocksItemPanel.cpp,446,crates/emstocks/src/emStocksItemPanel.rs,TradePrice->GetTextSignal()
emStocksItemPanel-451,src/emStocks/emStocksItemPanel.cpp,451,crates/emstocks/src/emStocksItemPanel.rs,TradeDate->GetTextSignal()
emStocksItemPanel-454,src/emStocks/emStocksItemPanel.cpp,454,crates/emstocks/src/emStocksItemPanel.rs,UpdateTradeDate->GetClickSignal()
emStocksItemPanel-467,src/emStocks/emStocksItemPanel.cpp,467,crates/emstocks/src/emStocksItemPanel.rs,FetchSharePrice->GetClickSignal()
emStocksItemPanel-490,src/emStocks/emStocksItemPanel.cpp,490,crates/emstocks/src/emStocksItemPanel.rs,Interest->GetCheckSignal()
emStocksItemPanel-504,src/emStocks/emStocksItemPanel.cpp,504,crates/emstocks/src/emStocksItemPanel.rs,ExpectedDividend->GetTextSignal()
emStocksItemPanel-509,src/emStocks/emStocksItemPanel.cpp,509,crates/emstocks/src/emStocksItemPanel.rs,DesiredPrice->GetTextSignal()
emStocksItemPanel-518,src/emStocks/emStocksItemPanel.cpp,518,crates/emstocks/src/emStocksItemPanel.rs,InquiryDate->GetTextSignal()
emStocksItemPanel-527,src/emStocks/emStocksItemPanel.cpp,527,crates/emstocks/src/emStocksItemPanel.rs,UpdateInquiryDate->GetClickSignal()
emStocksItemPanel-831,src/emStocks/emStocksItemPanel.cpp,831,crates/emstocks/src/emStocksItemPanel.rs,ItemPanel.FileModel.GetChangeSignal()
emStocksItemPanel-832,src/emStocks/emStocksItemPanel.cpp,832,crates/emstocks/src/emStocksItemPanel.rs,ItemPanel.Config.GetChangeSignal()
emStocksItemPanel-914,src/emStocks/emStocksItemPanel.cpp,914,crates/emstocks/src/emStocksItemPanel.rs,TextField->GetTextSignal()
emStocksItemPanel-922,src/emStocks/emStocksItemPanel.cpp,922,crates/emstocks/src/emStocksItemPanel.rs,ListBox->GetSelectionSignal()
emStocksListBox-51,src/emStocks/emStocksListBox.cpp,51,crates/emstocks/src/emStocksListBox.rs,FileModel.GetChangeSignal()
emStocksListBox-52,src/emStocks/emStocksListBox.cpp,52,crates/emstocks/src/emStocksListBox.rs,Config.GetChangeSignal()
emStocksListBox-53,src/emStocks/emStocksListBox.cpp,53,crates/emstocks/src/emStocksListBox.rs,GetItemTriggerSignal()
emStocksListBox-189,src/emStocks/emStocksListBox.cpp,189,crates/emstocks/src/emStocksListBox.rs,CutStocksDialog->GetFinishSignal()
emStocksListBox-287,src/emStocks/emStocksListBox.cpp,287,crates/emstocks/src/emStocksListBox.rs,PasteStocksDialog->GetFinishSignal()
emStocksListBox-356,src/emStocks/emStocksListBox.cpp,356,crates/emstocks/src/emStocksListBox.rs,DeleteStocksDialog->GetFinishSignal()
emStocksListBox-443,src/emStocks/emStocksListBox.cpp,443,crates/emstocks/src/emStocksListBox.rs,InterestDialog->GetFinishSignal()
emStocksPricesFetcher-38,src/emStocks/emStocksPricesFetcher.cpp,38,crates/emstocks/src/emStocksPricesFetcher.rs,FileModel->GetChangeSignal()
emStocksPricesFetcher-39,src/emStocks/emStocksPricesFetcher.cpp,39,crates/emstocks/src/emStocksPricesFetcher.rs,FileModel->GetFileStateSignal()
